k,s,eps,pb,timeK,timeS,blankQueryTime,EDPQueryTime,TotalCompTime
0,1,0.1,9,0.7799041271209717,0.0,1.0267174243927002,2.055874824523926,2.8357789516448975
